{"(0, 1)": 0.12478112496015183, "(0, 2)": 0.10007658411524098, "(0, 3)": 0.12592238130042732, "(0, 4)": 0.11079745227795658, "(0, 5)": 0.08085242125619065, "(0, 6)": 0.1303017391062322, "(0, 7)": 0.1229100119313149, "(0, 8)": 0.08474242992000067, "(0, 9)": 0.1004847109240721, "(0, 10)": 0.08061120127129877, "(0, 11)": 0.08094102272646585, "(0, 12)": 0.09379475461287357, "(0, 13)": 0.08171225211639487, "(0, 14)": 0.08126927694778366, "(1, 2)": 0.0965211191998847, "(1, 3)": 0.09370682503119163, "(1, 4)": 0.11585984300976344, "(1, 5)": 0.12554853551667025, "(1, 6)": 0.1107695634813778, "(1, 7)": 0.11603113902120105, "(1, 8)": 0.12782651137357823, "(1, 9)": 0.13641759881273763, "(1, 10)": 0.12953519500825017, "(1, 11)": 0.11876143351408583, "(1, 12)": 0.12680360478767483, "(1, 13)": 0.12479708554274123, "(1, 14)": 0.12815162346623807, "(2, 3)": 0.10568657820424222, "(2, 4)": 0.12686147915220455, "(2, 5)": 0.13004139605529014, "(2, 6)": 0.08862832708052441, "(2, 7)": 0.093148128258101, "(2, 8)": 0.12965616546071015, "(2, 9)": 0.06752955763162705, "(2, 10)": 0.08525930958439351, "(2, 11)": 0.10797967745770909, "(2, 12)": 0.11756240092541492, "(2, 13)": 0.09971267407700714, "(2, 14)": 0.12208562572108822, "(3, 4)": 0.10132604878067025, "(3, 5)": 0.07676466503285603, "(3, 6)": 0.12101321663824409, "(3, 7)": 0.07085097101257679, "(3, 8)": 0.1205198939696796, "(3, 9)": 0.12299843517889805, "(3, 10)": 0.08486394420397289, "(3, 11)": 0.12425656522493272, "(3, 12)": 0.09180309748135018, "(3, 13)": 0.08927207821737485, "(3, 14)": 0.09879835887699068, "(4, 5)": 0.08024030683536376, "(4, 6)": 0.08709251430916388, "(4, 7)": 0.09016790790088262, "(4, 8)": 0.12662893685724713, "(4, 9)": 0.13059357453385873, "(4, 10)": 0.13250252563577367, "(4, 11)": 0.08011919154849231, "(4, 12)": 0.08201486764252189, "(4, 13)": 0.12455587703962356, "(4, 14)": 0.12484023170523958, "(5, 6)": 0.08950729248803131, "(5, 7)": 0.10261894552855723, "(5, 8)": 0.09909637173390783, "(5, 9)": 0.0899722962284118, "(5, 10)": 0.12778647168752041, "(5, 11)": 0.06436674061098326, "(5, 12)": 0.10010214581971107, "(5, 13)": 0.10631387278721417, "(5, 14)": 0.12190445021868895, "(6, 7)": 0.10382722240966748, "(6, 8)": 0.05175719124258507, "(6, 9)": 0.08405579790554532, "(6, 10)": 0.07859522192007701, "(6, 11)": 0.09254253748621233, "(6, 12)": 0.0900226911432199, "(6, 13)": 0.1001542673320173, "(6, 14)": 0.08971158901309502, "(7, 8)": 0.128386459638733, "(7, 9)": 0.13065833034750618, "(7, 10)": 0.11850318663865747, "(7, 11)": 0.08684627895962364, "(7, 12)": 0.08857758762997144, "(7, 13)": 0.1266404504168206, "(7, 14)": 0.11170211954950177, "(8, 9)": 0.07916878408138486, "(8, 10)": 0.10347616154888198, "(8, 11)": 0.08898411499819883, "(8, 12)": 0.12475835541729867, "(8, 13)": 0.08390382722280736, "(8, 14)": 0.12513936886208216, "(9, 10)": 0.11922611424352458, "(9, 11)": 0.1266552101477156, "(9, 12)": 0.0887798569613749, "(9, 13)": 0.09243523349542437, "(9, 14)": 0.12316597751929398, "(10, 11)": 0.12755489787136765, "(10, 12)": 0.129865770224805, "(10, 13)": 0.09263233955333221, "(10, 14)": 0.13015664756325682, "(11, 12)": 0.0956682983757604, "(11, 13)": 0.07741268891155748, "(11, 14)": 0.1126549120616682, "(12, 13)": 0.09219854583876654, "(12, 14)": 0.12690701084652534, "(13, 14)": 0.10271182208856441}