{"(0, 1)": 0.01898113907797201, "(0, 2)": 0.0051329947660899095, "(0, 3)": 0.01112653342973151, "(0, 4)": 0.0017937564605018269, "(0, 5)": 0.01065796663248125, "(0, 6)": 0.021197668575997287, "(0, 7)": 0.01302001821491879, "(0, 8)": 0.0008493617956356744, "(0, 9)": 0.010781086610415793, "(0, 10)": 0.001786545270698713, "(0, 11)": 0.01031619948121031, "(0, 12)": 0.00018657008729675646, "(0, 13)": 0.011965877859057918, "(0, 14)": 0.003322214348825839, "(0, 15)": 0.008097411596181258, "(0, 16)": 0.005406907497172923, "(0, 17)": 0.010218188446747926, "(0, 18)": 0.0037625968158643422, "(0, 19)": 0.01459346597565956, "(0, 20)": 0.0068312924611568515, "(1, 2)": 0.0034753092297967357, "(1, 3)": 0.005482581623468014, "(1, 4)": 0.004860661757824809, "(1, 5)": 0.0, "(1, 6)": 0.004443000040235031, "(1, 7)": 0.01747385460242573, "(1, 8)": 0.008550196411788892, "(1, 9)": 0.0044300113768444005, "(1, 10)": 0.003489420629124422, "(1, 11)": 0.014218523036637232, "(1, 12)": 0.0027848640862076068, "(1, 13)": 0.0, "(1, 14)": 0.010417894709768637, "(1, 15)": 0.0014495503025437895, "(1, 16)": 0.005746935748448193, "(1, 17)": 0.004826967711746011, "(1, 18)": 0.016758880729190684, "(1, 19)": 0.0093261105414785, "(1, 20)": 0.05015511151303231, "(2, 3)": 0.0020822730035178934, "(2, 4)": 0.0020157683506600147, "(2, 5)": 0.0027015942183218353, "(2, 6)": 0.009030894984746959, "(2, 7)": 0.010618412012186407, "(2, 8)": 0.006500023339187818, "(2, 9)": 0.006929739944849708, "(2, 10)": 0.00619076239590937, "(2, 11)": 0.01756667750870013, "(2, 12)": 0.011918268115781883, "(2, 13)": 0.0067866695857662675, "(2, 14)": 0.014071043939256315, "(2, 15)": 0.006024847183040053, "(2, 16)": 0.0042782001078312745, "(2, 17)": 0.001173645744100069, "(2, 18)": 0.013501408737096432, "(2, 19)": 0.007785818953417924, "(2, 20)": 0.020054514279761786, "(3, 4)": 0.010038626137593142, "(3, 5)": 0.0032416811477586904, "(3, 6)": 0.014014256243330962, "(3, 7)": 0.0, "(3, 8)": 0.008380135033907424, "(3, 9)": 0.008029205439081366, "(3, 10)": 0.003673139633585922, "(3, 11)": 0.00935342215272314, "(3, 12)": 0.0038149513192345334, "(3, 13)": 0.0, "(3, 14)": 0.011932449277589335, "(3, 15)": 0.006749220606610706, "(3, 16)": 0.005187633263060978, "(3, 17)": 0.0, "(3, 18)": 0.012865151849711808, "(3, 19)": 0.0, "(3, 20)": 0.06126292661934846, "(4, 5)": 0.0012971580619758286, "(4, 6)": 0.008173751117486071, "(4, 7)": 0.012268880449682931, "(4, 8)": 0.012548889485735022, "(4, 9)": 0.004822900150487652, "(4, 10)": 0.0028598141439137243, "(4, 11)": 0.009986353667638124, "(4, 12)": 0.009347451199103067, "(4, 13)": 0.005304202394505476, "(4, 14)": 0.0057326672905578056, "(4, 15)": 0.009476586726664047, "(4, 16)": 0.006304658512581509, "(4, 17)": 0.008820810106815577, "(4, 18)": 0.00852169936158734, "(4, 19)": 0.01040475898797456, "(4, 20)": 0.012514991448947303, "(5, 6)": 0.013964848079181387, "(5, 7)": 0.012592534035168496, "(5, 8)": 0.002400780992188485, "(5, 9)": 0.0, "(5, 10)": 0.007857772176202368, "(5, 11)": 0.0, "(5, 12)": 0.007405229826654765, "(5, 13)": 0.0, "(5, 14)": 0.008664359570218222, "(5, 15)": 0.003167731270052737, "(5, 16)": 0.009683794256804394, "(5, 17)": 0.0006814143019708285, "(5, 18)": 0.004494804186651781, "(5, 19)": 0.003058826184643537, "(5, 20)": 0.03128679934901485, "(6, 7)": 0.016329534549206076, "(6, 8)": 0.004580247151438443, "(6, 9)": 0.004633373556802158, "(6, 10)": 0.004116915243436918, "(6, 11)": 0.01243095400923757, "(6, 12)": 0.00011606692581029969, "(6, 13)": 0.007546566804073163, "(6, 14)": 0.011996655247162315, "(6, 15)": 0.00395531201168964, "(6, 16)": 0.0031349045659096308, "(6, 17)": 0.004124231460580326, "(6, 18)": 0.012947823938423062, "(6, 19)": 0.0022779641796817603, "(6, 20)": 0.022842747565089194, "(7, 8)": 0.0170498948868422, "(7, 9)": 0.010370583691888757, "(7, 10)": 0.0028459339273356667, "(7, 11)": 0.01138369663469499, "(7, 12)": 0.00814448432412334, "(7, 13)": 0.006109102732821253, "(7, 14)": 0.012568390096649548, "(7, 15)": 0.018285324258422636, "(7, 16)": 0.007436233644598825, "(7, 17)": 0.0, "(7, 18)": 0.0065075737053440635, "(7, 19)": 0.009649564172980268, "(7, 20)": 0.04271730200507945, "(8, 9)": 0.0025693151750804284, "(8, 10)": 0.0042370770555634155, "(8, 11)": 0.011310661029740567, "(8, 12)": 0.008668602870652785, "(8, 13)": 0.005314110027249847, "(8, 14)": 0.024197368219693365, "(8, 15)": 0.017447861506643295, "(8, 16)": 0.0040432421915994245, "(8, 17)": 0.006357233937509683, "(8, 18)": 0.0020103599128600625, "(8, 19)": 0.004327604127978179, "(8, 20)": 0.01544775062115539, "(9, 10)": 0.003850060687833794, "(9, 11)": 0.01058442190911682, "(9, 12)": 0.005065952664791244, "(9, 13)": 0.0, "(9, 14)": 0.007629624587905051, "(9, 15)": 0.012895882931652336, "(9, 16)": 0.007354051716445731, "(9, 17)": 0.0029339502068578827, "(9, 18)": 0.005398937113242795, "(9, 19)": 0.006486053343893711, "(9, 20)": 0.046097633577032227, "(10, 11)": 0.011539190784168147, "(10, 12)": 0.006676942508910906, "(10, 13)": 0.00503940141606061, "(10, 14)": 0.0034054249065864186, "(10, 15)": 0.01992082659344277, "(10, 16)": 0.0007341975021611228, "(10, 17)": 0.008715223196522886, "(10, 18)": 0.00903038100513292, "(10, 19)": 0.007718358030115587, "(10, 20)": 0.01915259149250603, "(11, 12)": 0.010853901107624436, "(11, 13)": 0.0, "(11, 14)": 0.010070029359609121, "(11, 15)": 0.007234525968749156, "(11, 16)": 0.01088066337680764, "(11, 17)": 0.0007259880345568404, "(11, 18)": 0.009256416703248761, "(11, 19)": 0.009324610931507354, "(11, 20)": 0.027886812844448217, "(12, 13)": 0.01732311450112326, "(12, 14)": 0.009796236854389736, "(12, 15)": 0.00226671487839716, "(12, 16)": 0.00025602297260095275, "(12, 17)": 0.015717991851920163, "(12, 18)": 0.01052516796924434, "(12, 19)": 0.020423683559121136, "(12, 20)": 0.016651257120296144, "(13, 14)": 0.009991582268762803, "(13, 15)": 0.0048256337971547825, "(13, 16)": 0.01726190992299985, "(13, 17)": 0.0, "(13, 18)": 0.012523998913128194, "(13, 19)": 0.0, "(13, 20)": 0.04613753322556308, "(14, 15)": 0.0073284471895702155, "(14, 16)": 0.011509007366066437, "(14, 17)": 0.015298026781867202, "(14, 18)": 0.0019766159498471325, "(14, 19)": 0.019206321697059124, "(14, 20)": 0.00557976969706841, "(15, 16)": 0.014772701865482825, "(15, 17)": 0.0, "(15, 18)": 0.010942606602748619, "(15, 19)": 0.004953415270205874, "(15, 20)": 0.04992041784410933, "(16, 17)": 0.012949958513372587, "(16, 18)": 0.005381384214019109, "(16, 19)": 0.009369093372307947, "(16, 20)": 0.0115894869490623, "(17, 18)": 0.00637352608729953, "(17, 19)": 0.011924965091920037, "(17, 20)": 0.04279968651460364, "(18, 19)": 0.0035540883627421514, "(18, 20)": 0.003082562900229022, "(19, 20)": 0.05500622494642243}